{
  "chart": {
    "title": "Military spending as a share of GDP",
    "subtitle": "Military expenditure divided by gross domestic product, expressed as a percentage.",
    "citation": "Barnum et al. - Global Military Spending Dataset (2024)",
    "originalChartUrl": "https://ourworldindata.org/grapher/military-spending-as-a-share-of-gdp-gmsd?country=USA~DEU~JPN~GBR&v=1&csvType=filtered&useColumnShortNames=false",
    "selection": [
      "United States",
      "Russia",
      "China",
      "India",
      "Germany",
      "Japan",
      "United Kingdom",
      "France",
      "Saudi Arabia"
    ]
  },
  "columns": {
    "Military expenditure (% of GDP)": {
      "titleShort": "Military expenditure (% of GDP)",
      "titleLong": "Military expenditure (% of GDP)",
      "descriptionShort": "",
      "descriptionKey": [
        "This data is calculated by using nine different military expenditure data sources and combining them using a model. The model links the country-year data together and estimates a mean with a prediction interval for each observation. For more information about the methodology, see [the original article](https://journals.sagepub.com/doi/10.1177/00220027241232964).",
        "The military expenditure data is divided by gross domestic product (GDP) estimates obtained from a similar latent variable model, explained by the same authors in [a different article](https://journals.sagepub.com/doi/10.1177/00220027211054432)."
      ],
      "shortUnit": "%",
      "unit": "% of GDP",
      "timespan": "1816-2019",
      "type": "Numeric",
      "owidVariableId": 959849,
      "shortName": "milexgdp",
      "lastUpdated": "2024-07-22",
      "nextUpdate": "2025-07-22",
      "citationShort": "Barnum et al. - Global Military Spending Dataset (2024) – with minor processing by Our World in Data",
      "citationLong": "Barnum et al. - Global Military Spending Dataset (2024) – with minor processing by Our World in Data. “Military expenditure (% of GDP)” [dataset]. Barnum et al., “Global Military Spending Dataset Version 1” [original data].",
      "fullMetadata": "https://api.ourworldindata.org/v1/indicators/959849.metadata.json"
    }
  },
  "dateDownloaded": "2024-11-25"
}