Entity,Code,Year,Military expenditure (% of GDP)
Germany,DEU,1816,5.72379
Germany,DEU,1817,7.309252
Germany,DEU,1818,5.5631533
Germany,DEU,1819,9.057738
Germany,DEU,1820,6.419738
Germany,DEU,1821,9.404017
Germany,DEU,1822,5.133607
Germany,DEU,1823,8.151205
Germany,DEU,1824,6.7901254
Germany,DEU,1825,5.6104984
Germany,DEU,1826,4.0956626
Germany,DEU,1827,4.812473
Germany,DEU,1828,7.096608
Germany,DEU,1829,5.0431714
Germany,DEU,1830,6.644713
Germany,DEU,1831,6.118197
Germany,DEU,1832,6.6993
Germany,DEU,1833,7.166186
Germany,DEU,1834,9.640116
Germany,DEU,1835,4.662436
Germany,DEU,1836,8.0746155
Germany,DEU,1837,7.4947314
Germany,DEU,1838,5.683343
Germany,DEU,1839,6.5769444
Germany,DEU,1840,5.484536
Germany,DEU,1841,7.2850356
Germany,DEU,1842,4.518398
Germany,DEU,1843,5.6984835
Germany,DEU,1844,5.4039683
Germany,DEU,1845,5.7257624
Germany,DEU,1846,8.783984
Germany,DEU,1847,10.024508
Germany,DEU,1848,9.453997
Germany,DEU,1849,9.669526
Germany,DEU,1850,7.5672016
Germany,DEU,1851,8.086479
Germany,DEU,1852,6.6643996
Germany,DEU,1853,4.9723496
Germany,DEU,1854,3.773917
Germany,DEU,1855,5.895186
Germany,DEU,1856,7.4972763
Germany,DEU,1857,8.190937
Germany,DEU,1858,5.360155
Germany,DEU,1859,8.903261
Germany,DEU,1860,6.061658
Germany,DEU,1861,5.062657
Germany,DEU,1862,5.5685496
Germany,DEU,1863,10.266811
Germany,DEU,1864,7.096242
Germany,DEU,1865,5.2589602
Germany,DEU,1866,5.852315
Germany,DEU,1867,7.9132967
Germany,DEU,1868,6.167735
Germany,DEU,1869,11.836449
Germany,DEU,1870,11.249499
Germany,DEU,1871,13.87522
Germany,DEU,1872,14.072527
Germany,DEU,1873,13.712811
Germany,DEU,1874,6.923424
Germany,DEU,1875,7.262634
Germany,DEU,1876,9.937616
Germany,DEU,1877,12.731257
Germany,DEU,1878,9.6451645
Germany,DEU,1879,15.580392
Germany,DEU,1880,9.4754095
Germany,DEU,1881,11.830743
Germany,DEU,1882,9.865605
Germany,DEU,1883,14.305824
Germany,DEU,1884,11.632801
Germany,DEU,1885,12.360498
Germany,DEU,1886,12.019984
Germany,DEU,1887,10.849075
Germany,DEU,1888,18.409412
Germany,DEU,1889,14.904615
Germany,DEU,1890,17.26506
Germany,DEU,1891,17.436789
Germany,DEU,1892,10.643738
Germany,DEU,1893,10.0487
Germany,DEU,1894,7.662286
Germany,DEU,1895,11.328177
Germany,DEU,1896,14.729238
Germany,DEU,1897,16.399172
Germany,DEU,1898,10.838914
Germany,DEU,1899,16.110182
Germany,DEU,1900,14.858397
Germany,DEU,1901,14.140065
Germany,DEU,1902,15.6487255
Germany,DEU,1903,10.618306
Germany,DEU,1904,11.594103
Germany,DEU,1905,10.606003
Germany,DEU,1906,12.847831
Germany,DEU,1907,11.114272
Germany,DEU,1908,15.184816
Germany,DEU,1909,12.152102
Germany,DEU,1910,17.224327
Germany,DEU,1911,15.59076
Germany,DEU,1912,8.564585
Germany,DEU,1913,24.645771
Germany,DEU,1914,32.405926
Germany,DEU,1915,42.346325
Germany,DEU,1916,42.91701
Germany,DEU,1917,41.679733
Germany,DEU,1918,30.341513
Germany,DEU,1919,11.215324
Germany,DEU,1920,8.860848
Germany,DEU,1921,3.3227928
Germany,DEU,1922,3.3634927
Germany,DEU,1923,4.9913335
Germany,DEU,1924,10.268673
Germany,DEU,1925,5.2462406
Germany,DEU,1926,4.01908
Germany,DEU,1927,7.3226266
Germany,DEU,1928,4.456538
Germany,DEU,1929,7.04797
Germany,DEU,1930,7.0696073
Germany,DEU,1931,7.813847
Germany,DEU,1932,7.7558293
Germany,DEU,1933,12.7158985
Germany,DEU,1934,23.810282
Germany,DEU,1935,25.301716
Germany,DEU,1936,25.416405
Germany,DEU,1937,36.910625
Germany,DEU,1955,1.5510557
Germany,DEU,1956,1.7344514
Germany,DEU,1957,1.8440442
Germany,DEU,1958,1.5870905
Germany,DEU,1959,1.7976856
Germany,DEU,1960,1.8972774
Germany,DEU,1961,2.3420236
Germany,DEU,1962,2.6919005
Germany,DEU,1963,3.05778
Germany,DEU,1964,2.7821286
Germany,DEU,1965,2.5607262
Germany,DEU,1966,2.4282799
Germany,DEU,1967,2.7319386
Germany,DEU,1968,2.4663563
Germany,DEU,1969,2.4815698
Germany,DEU,1970,2.5850587
Germany,DEU,1971,2.455343
Germany,DEU,1972,2.465663
Germany,DEU,1973,2.7761736
Germany,DEU,1974,3.0459409
Germany,DEU,1975,3.2589781
Germany,DEU,1976,3.1396027
Germany,DEU,1977,3.1559625
Germany,DEU,1978,3.1179347
Germany,DEU,1979,3.030702
Germany,DEU,1980,3.0409229
Germany,DEU,1981,2.7978117
Germany,DEU,1982,2.7717946
Germany,DEU,1983,2.3415995
Germany,DEU,1984,2.512762
Germany,DEU,1985,2.3501942
Germany,DEU,1986,2.7525897
Germany,DEU,1987,3.0255492
Germany,DEU,1988,2.7014718
Germany,DEU,1989,2.3619664
Germany,DEU,1990,2.5169053
Germany,DEU,1991,2.0202305
Germany,DEU,1992,2.2896163
Germany,DEU,1993,2.1546977
Germany,DEU,1994,2.0459461
Germany,DEU,1995,2.1995401
Germany,DEU,1996,1.778785
Germany,DEU,1997,1.6108265
Germany,DEU,1998,1.4858636
Germany,DEU,1999,1.3845211
Germany,DEU,2000,1.2920374
Germany,DEU,2001,1.207464
Germany,DEU,2002,1.3035679
Germany,DEU,2003,1.3222543
Germany,DEU,2004,1.3366952
Germany,DEU,2005,1.0958506
Germany,DEU,2006,1.399651
Germany,DEU,2007,1.461813
Germany,DEU,2008,1.5465536
Germany,DEU,2009,1.418075
Germany,DEU,2010,1.4801358
Germany,DEU,2011,1.1611158
Germany,DEU,2012,1.3457068
Germany,DEU,2013,1.3544849
Germany,DEU,2014,1.2808146
Germany,DEU,2015,1.1535962
Germany,DEU,2016,1.1186873
Germany,DEU,2017,1.1171491
Germany,DEU,2018,1.0945071
Germany,DEU,2019,1.3488542
Japan,JPN,1860,0.121891
Japan,JPN,1861,0.119339526
Japan,JPN,1862,0.10188189
Japan,JPN,1863,0.109505534
Japan,JPN,1864,0.09198328
Japan,JPN,1865,0.07803891
Japan,JPN,1866,0.083455086
Japan,JPN,1867,0.0889067
Japan,JPN,1868,0.1105448
Japan,JPN,1869,0.078245826
Japan,JPN,1870,0.0725344
Japan,JPN,1871,0.09673147
Japan,JPN,1872,0.16437687
Japan,JPN,1873,0.23520878
Japan,JPN,1874,0.21467602
Japan,JPN,1875,0.25211546
Japan,JPN,1876,0.24063215
Japan,JPN,1877,0.21101113
Japan,JPN,1878,0.21806248
Japan,JPN,1879,0.19172454
Japan,JPN,1880,0.19833748
Japan,JPN,1881,0.19971319
Japan,JPN,1882,0.23132119
Japan,JPN,1883,0.22403479
Japan,JPN,1884,0.27384225
Japan,JPN,1885,0.26782477
Japan,JPN,1886,0.32572863
Japan,JPN,1887,0.31405392
Japan,JPN,1888,0.33980212
Japan,JPN,1889,0.37615496
Japan,JPN,1890,0.40290588
Japan,JPN,1891,0.33043844
Japan,JPN,1892,0.3755279
Japan,JPN,1893,0.367319
Japan,JPN,1894,0.71503913
Japan,JPN,1895,0.8904162
Japan,JPN,1896,0.8538899
Japan,JPN,1897,0.97201896
Japan,JPN,1898,1.0229118
Japan,JPN,1899,1.0455832
Japan,JPN,1900,1.0538694
Japan,JPN,1901,0.99493384
Japan,JPN,1902,1.1260352
Japan,JPN,1903,1.5487036
Japan,JPN,1904,3.2132227
Japan,JPN,1905,4.225906
Japan,JPN,1906,2.8256178
Japan,JPN,1907,1.6240925
Japan,JPN,1908,1.665033
Japan,JPN,1909,1.3567086
Japan,JPN,1910,1.1542207
Japan,JPN,1911,1.2134858
Japan,JPN,1912,0.9670423
Japan,JPN,1913,1.1468812
Japan,JPN,1914,0.9792355
Japan,JPN,1915,1.2185619
Japan,JPN,1916,1.3986443
Japan,JPN,1917,1.450478
Japan,JPN,1918,1.878765
Japan,JPN,1919,1.4766159
Japan,JPN,1920,1.5858889
Japan,JPN,1921,1.7396486
Japan,JPN,1922,1.3956038
Japan,JPN,1923,1.2313725
Japan,JPN,1924,0.96019125
Japan,JPN,1925,0.91463476
Japan,JPN,1926,0.89817625
Japan,JPN,1927,0.9805262
Japan,JPN,1928,0.9293849
Japan,JPN,1929,0.89345825
Japan,JPN,1930,0.93170536
Japan,JPN,1931,0.9553764
Japan,JPN,1932,1.0945332
Japan,JPN,1933,0.9532503
Japan,JPN,1934,1.2107779
Japan,JPN,1935,1.1958989
Japan,JPN,1936,1.5083296
Japan,JPN,1937,2.6413996
Japan,JPN,1938,3.787521
Japan,JPN,1939,5.1154995
Japan,JPN,1940,6.556927
Japan,JPN,1941,8.957711
Japan,JPN,1942,11.882463
Japan,JPN,1943,16.12292
Japan,JPN,1944,18.8214
Japan,JPN,1945,8.225044
Japan,JPN,1952,0.95917016
Japan,JPN,1953,0.8392201
Japan,JPN,1954,0.8194006
Japan,JPN,1955,0.64417714
Japan,JPN,1956,0.5851136
Japan,JPN,1957,0.58580244
Japan,JPN,1958,0.5630388
Japan,JPN,1959,0.442152
Japan,JPN,1960,0.3861382
Japan,JPN,1961,0.45659906
Japan,JPN,1962,0.4406163
Japan,JPN,1963,0.42925924
Japan,JPN,1964,0.4377572
Japan,JPN,1965,0.44002113
Japan,JPN,1966,0.45078933
Japan,JPN,1967,0.4901679
Japan,JPN,1968,0.4298944
Japan,JPN,1969,0.4338708
Japan,JPN,1970,0.4915346
Japan,JPN,1971,0.543065
Japan,JPN,1972,0.5683453
Japan,JPN,1973,0.5785136
Japan,JPN,1974,0.6598284
Japan,JPN,1975,0.6503291
Japan,JPN,1976,0.60748965
Japan,JPN,1977,0.6745318
Japan,JPN,1978,0.73367447
Japan,JPN,1979,0.8731986
Japan,JPN,1980,0.71202534
Japan,JPN,1981,0.7485024
Japan,JPN,1982,0.717673
Japan,JPN,1983,0.874859
Japan,JPN,1984,0.8702805
Japan,JPN,1985,1.0435516
Japan,JPN,1986,0.9730866
Japan,JPN,1987,1.1228508
Japan,JPN,1988,1.071374
Japan,JPN,1989,1.114135
Japan,JPN,1990,1.080936
Japan,JPN,1991,0.9409067
Japan,JPN,1992,1.1301794
Japan,JPN,1993,1.2285001
Japan,JPN,1994,1.294929
Japan,JPN,1995,1.4156749
Japan,JPN,1996,1.1154728
Japan,JPN,1997,1.0388503
Japan,JPN,1998,0.95152986
Japan,JPN,1999,1.001776
Japan,JPN,2000,1.0134461
Japan,JPN,2001,1.0735648
Japan,JPN,2002,0.96941924
Japan,JPN,2003,0.8972016
Japan,JPN,2004,0.82931185
Japan,JPN,2005,0.89109045
Japan,JPN,2006,0.82509995
Japan,JPN,2007,0.7355196
Japan,JPN,2008,0.84507465
Japan,JPN,2009,1.0290955
Japan,JPN,2010,0.9723773
Japan,JPN,2011,1.0132114
Japan,JPN,2012,1.1031622
Japan,JPN,2013,0.9922851
Japan,JPN,2014,0.8205336
Japan,JPN,2015,0.7655266
Japan,JPN,2016,0.9071719
Japan,JPN,2017,0.79880023
Japan,JPN,2018,1.0259354
Japan,JPN,2019,0.856925
United Kingdom,GBR,1816,2.5319445
United Kingdom,GBR,1817,2.2032504
United Kingdom,GBR,1818,2.1511242
United Kingdom,GBR,1819,1.8896646
United Kingdom,GBR,1820,1.8148448
United Kingdom,GBR,1821,1.6822051
United Kingdom,GBR,1822,1.6636455
United Kingdom,GBR,1823,1.7857118
United Kingdom,GBR,1824,2.0968978
United Kingdom,GBR,1825,1.5883996
United Kingdom,GBR,1826,1.7634183
United Kingdom,GBR,1827,1.7289116
United Kingdom,GBR,1828,1.7041532
United Kingdom,GBR,1829,1.6647888
United Kingdom,GBR,1830,1.5276635
United Kingdom,GBR,1831,1.6658006
United Kingdom,GBR,1832,1.9657478
United Kingdom,GBR,1833,1.5246235
United Kingdom,GBR,1834,1.2430503
United Kingdom,GBR,1835,1.1147269
United Kingdom,GBR,1836,1.1589752
United Kingdom,GBR,1837,1.1500025
United Kingdom,GBR,1838,1.2348088
United Kingdom,GBR,1839,1.3360599
United Kingdom,GBR,1840,1.7175843
United Kingdom,GBR,1841,1.6710436
United Kingdom,GBR,1842,1.7042177
United Kingdom,GBR,1843,1.6298432
United Kingdom,GBR,1844,1.4774444
United Kingdom,GBR,1845,1.721156
United Kingdom,GBR,1846,1.7407968
United Kingdom,GBR,1847,1.6327683
United Kingdom,GBR,1848,2.0451117
United Kingdom,GBR,1849,1.8756592
United Kingdom,GBR,1850,1.6661872
United Kingdom,GBR,1851,1.5284362
United Kingdom,GBR,1852,1.7616751
United Kingdom,GBR,1853,2.0019243
United Kingdom,GBR,1854,3.7027166
United Kingdom,GBR,1855,3.8748357
United Kingdom,GBR,1856,3.0352132
United Kingdom,GBR,1857,2.1868112
United Kingdom,GBR,1858,2.3521187
United Kingdom,GBR,1859,2.2948399
United Kingdom,GBR,1860,2.3850522
United Kingdom,GBR,1861,2.5013824
United Kingdom,GBR,1862,2.2916188
United Kingdom,GBR,1863,2.5688922
United Kingdom,GBR,1864,2.4578092
United Kingdom,GBR,1865,1.5002941
United Kingdom,GBR,1866,1.7300245
United Kingdom,GBR,1867,1.8172143
United Kingdom,GBR,1868,1.7528033
United Kingdom,GBR,1869,1.4575126
United Kingdom,GBR,1870,1.3441442
United Kingdom,GBR,1871,1.1153032
United Kingdom,GBR,1872,1.2168013
United Kingdom,GBR,1873,1.408412
United Kingdom,GBR,1874,1.1143836
United Kingdom,GBR,1875,1.1317829
United Kingdom,GBR,1876,1.5988909
United Kingdom,GBR,1877,1.36066
United Kingdom,GBR,1878,1.5873514
United Kingdom,GBR,1879,1.4802175
United Kingdom,GBR,1880,1.2438772
United Kingdom,GBR,1881,1.1299142
United Kingdom,GBR,1882,1.1425412
United Kingdom,GBR,1883,1.301116
United Kingdom,GBR,1884,1.5863991
United Kingdom,GBR,1885,1.5666323
United Kingdom,GBR,1886,1.6869264
United Kingdom,GBR,1887,1.465216
United Kingdom,GBR,1888,1.6116958
United Kingdom,GBR,1889,1.5571558
United Kingdom,GBR,1890,1.5257597
United Kingdom,GBR,1891,1.6277575
United Kingdom,GBR,1892,1.5571765
United Kingdom,GBR,1893,1.7205504
United Kingdom,GBR,1894,1.5851712
United Kingdom,GBR,1895,1.8440257
United Kingdom,GBR,1896,1.9015884
United Kingdom,GBR,1897,1.6048133
United Kingdom,GBR,1898,2.1726053
United Kingdom,GBR,1899,2.7484403
United Kingdom,GBR,1900,4.4404616
United Kingdom,GBR,1901,3.4299777
United Kingdom,GBR,1902,3.4983444
United Kingdom,GBR,1903,3.0229955
United Kingdom,GBR,1904,2.5234401
United Kingdom,GBR,1905,2.4109383
United Kingdom,GBR,1906,1.9179413
United Kingdom,GBR,1907,1.9163672
United Kingdom,GBR,1908,1.7697321
United Kingdom,GBR,1909,2.3057756
United Kingdom,GBR,1910,2.0123246
United Kingdom,GBR,1911,2.424648
United Kingdom,GBR,1912,2.5542815
United Kingdom,GBR,1913,4.039204
United Kingdom,GBR,1914,7.521269
United Kingdom,GBR,1915,16.924557
United Kingdom,GBR,1916,27.454689
United Kingdom,GBR,1917,24.424515
United Kingdom,GBR,1918,15.307972
United Kingdom,GBR,1919,5.921193
United Kingdom,GBR,1920,4.276101
United Kingdom,GBR,1921,3.6700826
United Kingdom,GBR,1922,2.791228
United Kingdom,GBR,1923,2.1114736
United Kingdom,GBR,1924,2.3177617
United Kingdom,GBR,1925,2.272325
United Kingdom,GBR,1926,2.4411325
United Kingdom,GBR,1927,1.9428804
United Kingdom,GBR,1928,1.9057691
United Kingdom,GBR,1929,1.8038299
United Kingdom,GBR,1930,1.9087831
United Kingdom,GBR,1931,1.7954075
United Kingdom,GBR,1932,1.5014876
United Kingdom,GBR,1933,1.7445104
United Kingdom,GBR,1934,2.6682842
United Kingdom,GBR,1935,2.6303802
United Kingdom,GBR,1936,3.0613947
United Kingdom,GBR,1937,4.8193016
United Kingdom,GBR,1938,7.6969104
United Kingdom,GBR,1939,16.902422
United Kingdom,GBR,1940,26.552347
United Kingdom,GBR,1941,29.829199
United Kingdom,GBR,1942,32.152115
United Kingdom,GBR,1943,37.234516
United Kingdom,GBR,1944,39.463596
United Kingdom,GBR,1945,38.598793
United Kingdom,GBR,1946,30.883062
United Kingdom,GBR,1947,12.889415
United Kingdom,GBR,1948,6.879697
United Kingdom,GBR,1949,6.5736175
United Kingdom,GBR,1950,4.923927
United Kingdom,GBR,1951,5.46312
United Kingdom,GBR,1952,7.0349903
United Kingdom,GBR,1953,7.205082
United Kingdom,GBR,1954,7.3517613
United Kingdom,GBR,1955,5.922529
United Kingdom,GBR,1956,6.3624926
United Kingdom,GBR,1957,6.735762
United Kingdom,GBR,1958,6.6005454
United Kingdom,GBR,1959,4.775893
United Kingdom,GBR,1960,5.264307
United Kingdom,GBR,1961,4.399692
United Kingdom,GBR,1962,4.566261
United Kingdom,GBR,1963,5.246017
United Kingdom,GBR,1964,5.064809
United Kingdom,GBR,1965,4.3494806
United Kingdom,GBR,1966,4.9109855
United Kingdom,GBR,1967,4.513583
United Kingdom,GBR,1968,4.274279
United Kingdom,GBR,1969,3.499268
United Kingdom,GBR,1970,3.4347727
United Kingdom,GBR,1971,3.7785206
United Kingdom,GBR,1972,3.927375
United Kingdom,GBR,1973,3.591125
United Kingdom,GBR,1974,3.8664348
United Kingdom,GBR,1975,4.094956
United Kingdom,GBR,1976,3.7752614
United Kingdom,GBR,1977,3.5822482
United Kingdom,GBR,1978,3.6856725
United Kingdom,GBR,1979,4.5432277
United Kingdom,GBR,1980,4.7847843
United Kingdom,GBR,1981,4.4533095
United Kingdom,GBR,1982,4.55127
United Kingdom,GBR,1983,4.142738
United Kingdom,GBR,1984,4.810055
United Kingdom,GBR,1985,4.0997157
United Kingdom,GBR,1986,4.107005
United Kingdom,GBR,1987,4.3161097
United Kingdom,GBR,1988,4.362074
United Kingdom,GBR,1989,4.0154967
United Kingdom,GBR,1990,3.8570683
United Kingdom,GBR,1991,3.93107
United Kingdom,GBR,1992,3.810776
United Kingdom,GBR,1993,3.1182947
United Kingdom,GBR,1994,3.671111
United Kingdom,GBR,1995,3.2300718
United Kingdom,GBR,1996,2.5901177
United Kingdom,GBR,1997,3.0884016
United Kingdom,GBR,1998,2.7661192
United Kingdom,GBR,1999,2.6233566
United Kingdom,GBR,2000,2.5701387
United Kingdom,GBR,2001,2.526168
United Kingdom,GBR,2002,2.3775802
United Kingdom,GBR,2003,2.5725963
United Kingdom,GBR,2004,2.7762446
United Kingdom,GBR,2005,2.9176626
United Kingdom,GBR,2006,2.737857
United Kingdom,GBR,2007,2.8413658
United Kingdom,GBR,2008,2.639434
United Kingdom,GBR,2009,2.5308454
United Kingdom,GBR,2010,2.4515681
United Kingdom,GBR,2011,2.706766
United Kingdom,GBR,2012,2.6624534
United Kingdom,GBR,2013,2.5137398
United Kingdom,GBR,2014,2.7255065
United Kingdom,GBR,2015,2.5221157
United Kingdom,GBR,2016,2.3511345
United Kingdom,GBR,2017,1.9026307
United Kingdom,GBR,2018,2.1841245
United Kingdom,GBR,2019,2.4074087
United States,USA,1816,1.5375452
United States,USA,1817,1.1808835
United States,USA,1818,1.0097502
United States,USA,1819,1.0101742
United States,USA,1820,0.7297464
United States,USA,1821,0.8076866
United States,USA,1822,0.6857456
United States,USA,1823,0.61668706
United States,USA,1824,0.66210085
United States,USA,1825,0.64161575
United States,USA,1826,0.73007596
United States,USA,1827,0.67329913
United States,USA,1828,0.68528557
United States,USA,1829,0.69229966
United States,USA,1830,0.77360046
United States,USA,1831,0.8376509
United States,USA,1832,0.7674363
United States,USA,1833,0.8886917
United States,USA,1834,0.7314342
United States,USA,1835,0.7185377
United States,USA,1836,0.82698363
United States,USA,1837,0.9399873
United States,USA,1838,0.77032137
United States,USA,1839,0.7733352
United States,USA,1840,0.8680289
United States,USA,1841,0.95993894
United States,USA,1842,0.7588015
United States,USA,1843,0.7410552
United States,USA,1844,0.9324862
United States,USA,1845,1.0426992
United States,USA,1846,1.6202853
United States,USA,1847,1.5652556
United States,USA,1848,1.5506657
United States,USA,1849,1.1397583
United States,USA,1850,0.8996404
United States,USA,1851,0.8868262
United States,USA,1852,0.82760835
United States,USA,1853,0.89976144
United States,USA,1854,0.8835572
United States,USA,1855,0.9660933
United States,USA,1856,0.95342004
United States,USA,1857,0.9990657
United States,USA,1858,1.016875
United States,USA,1859,1.282195
United States,USA,1860,1.9346638
United States,USA,1861,5.6870155
United States,USA,1862,9.620576
United States,USA,1863,10.250819
United States,USA,1864,9.373721
United States,USA,1865,3.313838
United States,USA,1866,2.2217298
United States,USA,1867,1.9915607
United States,USA,1868,2.0201862
United States,USA,1869,1.4246793
United States,USA,1870,1.0101746
United States,USA,1871,0.84351885
United States,USA,1872,0.8649243
United States,USA,1873,0.8955054
United States,USA,1874,0.6790145
United States,USA,1875,0.7778864
United States,USA,1876,0.75068295
United States,USA,1877,0.58139575
United States,USA,1878,0.58544207
United States,USA,1879,0.5615214
United States,USA,1880,0.4811845
United States,USA,1881,0.46207047
United States,USA,1882,0.5877884
United States,USA,1883,0.5086246
United States,USA,1884,0.48506624
United States,USA,1885,0.42848954
United States,USA,1886,0.42218602
United States,USA,1887,0.37840313
United States,USA,1888,0.44377005
United States,USA,1889,0.50759006
United States,USA,1890,0.4954396
United States,USA,1891,0.45064554
United States,USA,1892,0.5216444
United States,USA,1893,0.502298
United States,USA,1894,0.5113967
United States,USA,1895,0.58700204
United States,USA,1896,0.6934916
United States,USA,1897,0.9091885
United States,USA,1898,1.212563
United States,USA,1899,1.069337
United States,USA,1900,1.1518947
United States,USA,1901,0.8500437
United States,USA,1902,0.93251455
United States,USA,1903,0.95531803
United States,USA,1904,0.80702853
United States,USA,1905,0.9542854
United States,USA,1906,0.7904005
United States,USA,1907,0.9803562
United States,USA,1908,0.9157519
United States,USA,1909,1.016059
United States,USA,1910,0.9543028
United States,USA,1911,0.9026966
United States,USA,1912,0.77383304
United States,USA,1913,0.88207793
United States,USA,1914,0.82506484
United States,USA,1915,0.9120494
United States,USA,1916,1.2309886
United States,USA,1917,2.5703468
United States,USA,1918,5.2006826
United States,USA,1919,5.212182
United States,USA,1920,2.5661838
United States,USA,1921,2.0314324
United States,USA,1922,1.1885673
United States,USA,1923,1.0114611
United States,USA,1924,0.7313956
United States,USA,1925,0.7105418
United States,USA,1926,0.67511433
United States,USA,1927,0.64687854
United States,USA,1928,0.70692396
United States,USA,1929,0.7417178
United States,USA,1930,0.7836433
United States,USA,1931,0.8530056
United States,USA,1932,0.9948866
United States,USA,1933,1.0661515
United States,USA,1934,1.3397802
United States,USA,1935,1.1606699
United States,USA,1936,1.279041
United States,USA,1937,1.2638922
United States,USA,1938,1.4993262
United States,USA,1939,1.6481869
United States,USA,1940,2.4423249
United States,USA,1941,5.383759
United States,USA,1942,13.00975
United States,USA,1943,29.762295
United States,USA,1944,33.77744
United States,USA,1945,38.445976
United States,USA,1946,21.159252
United States,USA,1947,8.720274
United States,USA,1948,5.043562
United States,USA,1949,7.1614704
United States,USA,1950,7.1906977
United States,USA,1951,10.788124
United States,USA,1952,14.460151
United States,USA,1953,16.177788
United States,USA,1954,14.72839
United States,USA,1955,13.637051
United States,USA,1956,12.41033
United States,USA,1957,12.884156
United States,USA,1958,12.8950205
United States,USA,1959,11.779179
United States,USA,1960,9.122779
United States,USA,1961,10.725156
United States,USA,1962,10.260503
United States,USA,1963,9.441699
United States,USA,1964,9.384045
United States,USA,1965,9.586728
United States,USA,1966,8.369804
United States,USA,1967,9.1189165
United States,USA,1968,10.737213
United States,USA,1969,9.491161
United States,USA,1970,8.18976
United States,USA,1971,7.9847374
United States,USA,1972,7.239339
United States,USA,1973,6.829217
United States,USA,1974,5.650181
United States,USA,1975,6.0647335
United States,USA,1976,5.262426
United States,USA,1977,5.4567156
United States,USA,1978,4.7941527
United States,USA,1979,4.6154046
United States,USA,1980,5.0426917
United States,USA,1981,6.0068855
United States,USA,1982,6.31574
United States,USA,1983,6.8785334
United States,USA,1984,6.829524
United States,USA,1985,6.9772625
United States,USA,1986,6.270864
United States,USA,1987,6.601955
United States,USA,1988,5.9975557
United States,USA,1989,5.779819
United States,USA,1990,5.5142593
United States,USA,1991,4.7620115
United States,USA,1992,5.6976986
United States,USA,1993,4.8811226
United States,USA,1994,4.9361143
United States,USA,1995,4.5570326
United States,USA,1996,3.80672
United States,USA,1997,3.4158297
United States,USA,1998,3.6125202
United States,USA,1999,3.4575355
United States,USA,2000,3.3257258
United States,USA,2001,3.66646
United States,USA,2002,3.86586
United States,USA,2003,3.672795
United States,USA,2004,4.051542
United States,USA,2005,4.3120465
United States,USA,2006,4.5413795
United States,USA,2007,4.2205367
United States,USA,2008,4.716966
United States,USA,2009,5.2643614
United States,USA,2010,4.863429
United States,USA,2011,4.782453
United States,USA,2012,4.533307
United States,USA,2013,4.201547
United States,USA,2014,4.6147485
United States,USA,2015,3.8955727
United States,USA,2016,4.1464543
United States,USA,2017,4.483996
United States,USA,2018,4.2384267
United States,USA,2019,4.6193733